pipeline,mean,std,count
csd_csp+lda,0.47519559497057995,0.11831084822608624,223
csd_csp+lr,0.4777797876235094,0.11891253338071216,223
csd_riem+lda,0.5192374577068658,0.11601531781725216,233
csd_riem+lr,0.570720362206039,0.12102997808902688,233
csp+lda,0.4786330510628573,0.12641360875811114,252
csp+lr,0.48149398987926195,0.12409251223541548,252
riem+lda,0.4944435593848204,0.11869579290036177,252
riem+lr,0.5629626159959306,0.13158146717815122,252
